Stock,Beta
AAPL,1.1480276852372349
AMZN,1.2577602149409555
GOOGL,1.0176875101960337
ZM,0.6558353118020631
